letter,accuracy
A,1.0
B,0.9953703703703703
C,1.0
D,0.9877551020408163
E,0.9558232931726908
F,1.0
G,0.9798850574712644
H,0.9472477064220184
I,0.8680555555555556
K,0.9788519637462235
L,1.0
M,0.9949238578680203
N,0.8934707903780069
O,1.0
P,1.0
Q,1.0
R,0.8541666666666666
S,1.0
T,0.8991935483870968
U,0.9887218045112782
V,0.9393063583815029
W,1.0
X,1.0
Y,1.0
